PDB ID,Method,Resolution,Amino Acids (Count),Description (Conformation)
4D1M,X-RAY DIFFRACTION,2.2 Å,48,Tetramerization domain of zebrafish p53 (crystal form II)
2MW4,SOLUTION NMR,N/A,47,Tetramerization domain of the Ciona intestinalis p53/p73-b transcription factor protein
5HOB,X-RAY DIFFRACTION,1.22001298703 Å,50,p73 homo-tetramerization domain mutant I
4CZ7,X-RAY DIFFRACTION,1.1 Å,33,Truncated tetramerization domain of zebrafish p53 (crystal form III)
4CZ6,X-RAY DIFFRACTION,1.53 Å,33,Truncated tetramerization domain of zebrafish p53 (crystal form II)
8UQT,X-RAY DIFFRACTION,1.16 Å,33,Crystal structure of the Tree Shrew p53 tetramerization domain
1Q2F,SOLUTION NMR,N/A,32,NMR SOLUTION STRUCTURE OF A PEPTIDE FROM THE MDM-2 BINDING DOMAIN OF THE P53 PROTEIN THAT IS SELECTIVELY CYTOTOXIC TO CANCER CELLS
4CZ5,X-RAY DIFFRACTION,1.02 Å,33,Truncated tetramerization domain of zebrafish p53 (crystal form I)
2KBY,SOLUTION NMR,N/A,50,The Tetramerization Domain of Human p73
7EZJ,X-RAY DIFFRACTION,2.9 Å,12,Crystal structure of p73 DNA binding domain complex bound with 1 bp and 2 bp spacer DNA response elements.
8UQS,X-RAY DIFFRACTION,1.35 Å,33,Crystal structure of the Opossum p53 tetramerization domain
4D1L,X-RAY DIFFRACTION,1.97 Å,48,Tetramerization domain of zebrafish p53 (crystal form I)
2WTT,X-RAY DIFFRACTION,2.3 Å,51,Structure of the human p73 tetramerization domain (crystal form II)
2WQI,X-RAY DIFFRACTION,1.7 Å,51,Crystal structure of the human p73 tetramerization domain
1Q2I,SOLUTION NMR,N/A,32,NMR SOLUTION STRUCTURE OF A PEPTIDE FROM THE MDM-2 BINDING DOMAIN OF THE P53 PROTEIN THAT IS SELECTIVELY CYTOTOXIC TO CANCER CELLS
